{
  "name": "marquee",
  "title": "jQuery Marquee",
  "description": "jQuery plugin to scroll the text like the old traditional marquee.",
  "keywords": ["marquee", "animate", "scroll", "ticker", "news", "effect", "ui", "animation"],
  "version": "0.2.3",
  "author": {
    "name": "AamirAfridi.com",
    "email" : "aamirafridi@gmail.com"
  },
  "licenses": [
    {
      "type": "MIT",
      "url": "http://opensource.org/licenses/MIT"
    }
  ],
  "dependencies": {
    "jquery": ">=1.6.4"
  },
  "homepage": "http://aamirafridi.com/jquery/jquery-marquee-plugin",
  "docs": "https://github.com/aamirafridi/jQuery.Marquee/blob/master/README.md",
  "demo": "http://jquery.aamirafridi.com/jquerymarquee/",
  "download": "https://github.com/aamirafridi/jQuery.Marquee/archive/master.zip"
}
